{"config_name": "recursive_grid_0days",
 "logging_level": 0,
 "long": {"auto_unstuck_delay_minutes": 1115.1061968749314,
          "auto_unstuck_ema_dist": -0.047799157059145704,
          "auto_unstuck_qty_pct": 0.045836063938134164,
          "auto_unstuck_wallet_exposure_threshold": 0.25061006079449666,
          "backwards_tp": true,
          "ddown_factor": 0.16790114470770964,
          "ema_span_0": 917.0528472427542,
          "ema_span_1": 768.3790918391155,
          "enabled": true,
          "initial_eprice_ema_dist": -0.04571168466061672,
          "initial_qty_pct": 0.01185591467007671,
          "markup_range": 0.2,
          "min_markup": 0.2,
          "n_close_orders": 1,
          "rentry_pprice_dist": 0.04071013208908112,
          "rentry_pprice_dist_wallet_exposure_weighting": 0.3705348314980489,
          "wallet_exposure_limit": 1},
 "short": {"auto_unstuck_delay_minutes": 778.4050444128148,
           "auto_unstuck_ema_dist": -0.046234187700963436,
           "auto_unstuck_qty_pct": 0.020587000340633592,
           "auto_unstuck_wallet_exposure_threshold": 0.8440980780103854,
           "backwards_tp": true,
           "ddown_factor": 0.3597290201625506,
           "ema_span_0": 1367.705665487707,
           "ema_span_1": 1143.914988418785,
           "enabled": true,
           "initial_eprice_ema_dist": -0.006151138065125043,
           "initial_qty_pct": 0.010201358534327661,
           "markup_range": 0.2,
           "min_markup": 0.2,
           "n_close_orders": 1,
           "rentry_pprice_dist": 0.03521502346438065,
           "rentry_pprice_dist_wallet_exposure_weighting": 19.34284865877356,
           "wallet_exposure_limit": 1}}