{"config_name": "recursive_grid_0days",
 "logging_level": 0,
 "long": {"auto_unstuck_delay_minutes": 1072.4684709999347,
          "auto_unstuck_ema_dist": -0.08702805926306362,
          "auto_unstuck_qty_pct": 0.015973937897812995,
          "auto_unstuck_wallet_exposure_threshold": 0.5339435827544488,
          "backwards_tp": true,
          "ddown_factor": 2.245989468700379,
          "ema_span_0": 680.994156336565,
          "ema_span_1": 191.04031049174804,
          "enabled": true,
          "initial_eprice_ema_dist": 0.002888171072358113,
          "initial_qty_pct": 0.01083770050277493,
          "markup_range": 0.2,
          "min_markup": 0.2,
          "n_close_orders": 1,
          "rentry_pprice_dist": 0.04852135590889781,
          "rentry_pprice_dist_wallet_exposure_weighting": 3.4688261073789075,
          "wallet_exposure_limit": 1},
 "short": {"auto_unstuck_delay_minutes": 1131.7683895615776,
           "auto_unstuck_ema_dist": -0.021356694848575847,
           "auto_unstuck_qty_pct": 0.01947666997831,
           "auto_unstuck_wallet_exposure_threshold": 0.5374450610904399,
           "backwards_tp": true,
           "ddown_factor": 0.45459399495929026,
           "ema_span_0": 1036.875051134975,
           "ema_span_1": 426.67076837323117,
           "enabled": true,
           "initial_eprice_ema_dist": -0.025665036257068462,
           "initial_qty_pct": 0.010000274511755454,
           "markup_range": 0.2,
           "min_markup": 0.2,
           "n_close_orders": 1,
           "rentry_pprice_dist": 0.043849635569275215,
           "rentry_pprice_dist_wallet_exposure_weighting": 0.3187070718164151,
           "wallet_exposure_limit": 1}}